ID,Lake,Region,Latitude,Longitude,Monitored TLI3,Monitored Trophic State,Single TLI3,Singe TLI3 Trophic State,SBTI,Confidence Interval,SBTI Trophic State
11133,Lake Rotorua,Bay of Plenty,-38.0390247,176.3526958,4.28,Eutrophic,,,4.16,0.16,Eutrophic
14428,Lake Rotomanuka,Waikato,-37.9258209,175.31575,4.9,Eutrophic,4.94,Eutrophic,4.85,0.20,Eutrophic
18717,Lake Ngakapua,Northland,-35.15583959,173.3499011,4.12,Eutrophic,3.97,Mesotrophic,3.90,0.25,Mesotrophic
18719,Lake Rotokawau (Aupouri),Northland,-35.01815,173.20565,4.58,Eutrophic,,,3.94,0.29,Mesotrophic
21871,Lake Tomarata,Auckland,-36.192437,174.648753,4.31,Eutrophic,4.67,Eutrophic,4.35,0.16,Eutrophic
23682,Lake Heather,Northland,-35.0492848,173.1949957,4.99,Eutrophic,5.07,Supertrophic,4.56,0.25,Eutrophic
23690,Lake Carrot,Northland,-35.0214519,173.1889745,4.38,Eutrophic,,,4.15,0.23,Eutrophic
23691,Lake Ngatu,Northland,-35.0355278,173.1982987,4.03,Eutrophic,,,3.88,0.58,Mesotrophic
24511,Lake Waihopo,Northland,-34.75584908,173.0427591,4.12,Eutrophic,,,4.72,0.17,Eutrophic
28543,Lake George,Southland,-46.356284,167.860554,4.46,Eutrophic,5.38,Supertrophic,3.53,0.15,Mesotrophic
32478,Lake Opouahi,Hawke's Bay,-39.14663,176.83618,4.39,Eutrophic,,,4.86,0.21,Eutrophic
36981,Lake Tutira,Hawke's Bay,-39.22501,176.8982,4.51,Eutrophic,,,4.88,0.25,Eutrophic
40188,Lake Rotoehu,Bay of Plenty,-38.0151729,176.5319335,4.93,Eutrophic,,,4.61,0.28,Eutrophic
41299,Lake Emma,Canterbury,-43.638858,171.106462,4.52,Eutrophic,,,4.93,0.14,Eutrophic
43649,Lake Vincent,Southland,-46.590107,168.821629,4.3,Eutrophic,3.89,Mesotrophic,3.69,0.17,Mesotrophic
44391,Lake Waihola,Otago,-46.02035028,170.0780362,4.77,Eutrophic,5.54,Supertrophic,4.40,0.14,Eutrophic
45819,Lake Wainamu,Auckland,-36.890121,174.46833,4.09,Eutrophic,4.39,Eutrophic,5.09,0.15,Supertrophic
47860,Lake Emily,Canterbury,-43.550102,171.226395,4.1,Eutrophic,,,4.19,0.18,Eutrophic
48447,Lake Georgina,Canterbury,-43.318146,171.569737,4.03,Eutrophic,,,4.09,0.21,Eutrophic
50151,Lake Pupuke,Auckland,-36.7802378,174.7654825,4.07,Eutrophic,,,5.30,0.17,Supertrophic
50314,Lake Mokeno,Northland,-36.35158,174.06073,4.6,Eutrophic,,,4.70,0.23,Eutrophic
50320,Lake Karaka,Northland,-36.31386667,174.0384667,4.97,Eutrophic,,,4.33,0.19,Eutrophic
50371,Lake Kahuparere,Northland,-36.36910358,174.1573594,4.02,Eutrophic,4.83,Eutrophic,4.31,0.17,Eutrophic
50373,Lake Kanono,Northland,-36.36485,174.1484167,4.38,Eutrophic,3.70,Mesotrophic,5.15,0.19,Supertrophic
54190,Lake Hayes,Otago,-44.97495332,168.8110583,4.65,Eutrophic,5.04,Supertrophic,4.89,0.27,Eutrophic
54730,Lake Rotoiti,Bay of Plenty,-38.0390247,176.3526958,4.12,Eutrophic,,,4.02,0.15,Eutrophic
831,Lake Waitawa,Wellington,-40.72473,175.17087,6.09,Hypertrophic,7.34,Hypertrophic,6.13,0.27,Hypertrophic
25994,Lake Rotorua,Canterbury,-42.404092,173.581394,7.2,Hypertrophic,,,6.26,0.32,Hypertrophic
36215,Lake Runanga,Hawke's Bay,-39.58353,176.71019,7.04,Hypertrophic,,,6.38,0.34,Hypertrophic
47579,Lake Forsyth,Canterbury,-43.8025,172.3794,6.05,Hypertrophic,,,6.49,0.41,Hypertrophic
49180,Lake Whangape,Waikato,-37.4614141,175.0653926,6.58,Hypertrophic,6.30,Hypertrophic,6.54,0.41,Hypertrophic
49200,Lake Hakanoa,Waikato,-37.552222,175.168228,6.75,Hypertrophic,6.33,Hypertrophic,6.45,0.37,Hypertrophic
50782,Lake Waikare,Waikato,-37.439999,175.19626,6.97,Hypertrophic,6.57,Hypertrophic,6.51,0.40,Hypertrophic
12830,Lake Harihari,Waikato,-38.2115581,174.7215154,3.86,Mesotrophic,3.66,Mesotrophic,2.97,0.22,Oligotrophic
15325,Lake Okareka,Bay of Plenty,-38.1719011,176.3585567,3.39,Mesotrophic,,,4.16,0.15,Eutrophic
17761,Lake Wainui,Northland,-36.10130034,173.8816115,3.95,Mesotrophic,4.59,Eutrophic,4.33,0.16,Eutrophic
19575,Lake Waipara,Northland,-34.58615,172.8536833,3.69,Mesotrophic,,,3.21,0.25,Mesotrophic
23681,Lake Rotoroa,Northland,-35.05901108,173.1958266,3.95,Mesotrophic,3.99,Mesotrophic,3.94,0.15,Mesotrophic
24628,Lake Morehurehu,Northland,-34.64216655,172.9973286,3.72,Mesotrophic,,,3.21,0.18,Mesotrophic
25748,Lake Mangarakau,Tasman,-40.64985088,172.4836772,3.53,Mesotrophic,3.47,Mesotrophic,3.57,0.23,Mesotrophic
38955,Lake Poerua,West Coast,-42.704272,171.49495,3.67,Mesotrophic,4.22,Eutrophic,2.31,0.27,Oligotrophic
38974,Lake Brunner,West Coast,-42.608367,171.450018,3.36,Mesotrophic,2.33,Oligotrophic,3.37,0.21,Mesotrophic
39225,Lake Haupiri,West Coast,-42.567542,171.692006,3.52,Mesotrophic,4.14,Eutrophic,3.54,0.25,Mesotrophic
40071,Lake Rerewhakaaitu,Bay of Plenty,-38.2920385,176.5000859,3.77,Mesotrophic,,,3.65,0.22,Mesotrophic
41305,Lake Clearwater,Canterbury,-43.6027,171.044722,3.96,Mesotrophic,,,3.56,0.18,Mesotrophic
41306,Lake Camp,Canterbury,-43.615189,171.05698,3.31,Mesotrophic,,,3.83,0.24,Mesotrophic
47193,Lake Alexandrina,Canterbury,-43.93682,170.45454,3.04,Mesotrophic,3.60,Mesotrophic,3.80,0.22,Mesotrophic
47859,Maori Lakes A,Canterbury,-43.57494,171.18282,3.89,Mesotrophic,,,3.33,0.20,Mesotrophic
47892,Lake Heron,Canterbury,-43.48787,171.16637,3.19,Mesotrophic,,,3.62,0.20,Mesotrophic
48213,Lake Selfe,Canterbury,-43.23944,171.5183,3.04,Mesotrophic,,,3.33,0.23,Mesotrophic
48217,Lake Evelyn,Canterbury,-43.234831,171.5383,3.2,Mesotrophic,,,4.06,0.13,Eutrophic
48455,Lake Ida,Canterbury,-43.254398,171.538842,3.15,Mesotrophic,,,3.64,0.22,Mesotrophic
48597,Lake Lyndon,Canterbury,-43.306888,171.69318,3.11,Mesotrophic,,,3.08,0.26,Mesotrophic
48660,Lake Pearson,Canterbury,-43.10279,171.778328,3.83,Mesotrophic,,,3.22,0.28,Mesotrophic
48663,Lake Grasmere,Canterbury,-43.062222,171.7744,3.36,Mesotrophic,,,3.23,0.22,Mesotrophic
48669,Lake Hawdon,Canterbury,-43.104239,171.850706,3.47,Mesotrophic,,,3.91,0.15,Mesotrophic
48673,Lake Sarah,Canterbury,-43.0487,171.776777,3.2,Mesotrophic,,,3.63,0.23,Mesotrophic
50270,Lake Ototoa,Auckland,-36.51214,174.238849,3.45,Mesotrophic,3.75,Mesotrophic,4.34,0.15,Eutrophic
50401,Lake Humuhumu,Northland,-36.32808333,174.1294667,3.73,Mesotrophic,,,3.73,0.17,Mesotrophic
50413,Lake Rotokawau,Northland,-36.35028333,174.1465167,3.53,Mesotrophic,,,3.12,0.16,Mesotrophic
54732,Lake Tarawera,Bay of Plenty,-38.2066553,176.3922828,3.06,Mesotrophic,,,3.52,0.21,Mesotrophic
21917,Lake Taharoa,Northland,-35.80788333,173.6462167,1.84,Microtrophic,,,2.07,0.29,Oligotrophic
45514,Lake Ohau,Canterbury,-44.230632,169.850807,1.65,Microtrophic,3.46,Mesotrophic,1.73,0.41,Microtrophic
46564,Lake Pukaki,Canterbury,-44.07395,170.165013,1.53,Microtrophic,2.89,Oligotrophic,1.72,0.41,Microtrophic
47228,Lake Tekapo,Canterbury,-43.993266,170.486069,1.4,Microtrophic,2.27,Oligotrophic,1.72,0.41,Microtrophic
53532,Lake Wakatipu,Otago,-45.03188019,168.6959478,1.47,Microtrophic,,,1.95,0.35,Microtrophic
54672,Lake Wanaka,Otago,-44.52587905,169.112152,1.78,Microtrophic,1.57,Microtrophic,1.79,0.38,Microtrophic
54735,Lake Manapouri,Southland,-45.51820344,167.4926202,1.5,Microtrophic,2.58,Oligotrophic,1.76,0.39,Microtrophic
15312,Lake Tikitapu,Bay of Plenty,-38.1923753,176.3310214,2.75,Oligotrophic,,,2.80,0.42,Oligotrophic
21918,Lake Kai-iwi,Northland,-35.81565,173.6538167,2.9,Oligotrophic,,,2.51,0.34,Oligotrophic
21926,Lake Waikare,Northland,-35.7986,173.6303,2.38,Oligotrophic,2.46,Oligotrophic,2.66,0.43,Oligotrophic
24633,Lake Te Kahika,Northland,-34.62373575,173.0010867,2.65,Oligotrophic,,,2.68,0.48,Oligotrophic
39356,Lake Taylor,Canterbury,-42.8576532,172.8305987,2.56,Oligotrophic,2.63,Oligotrophic,2.79,0.23,Oligotrophic
39364,Lake Katrine,Canterbury,-42.8576484,172.8306034,2.73,Oligotrophic,3.52,Mesotrophic,2.72,0.28,Oligotrophic
48456,Lake Catherine,Canterbury,-43.221,171.55963,2.52,Oligotrophic,2.92,Oligotrophic,3.35,0.26,Mesotrophic
54731,Lake Okataina,Bay of Plenty,-38.1102249,176.4215715,2.94,Oligotrophic,,,3.42,0.19,Mesotrophic
54738,Lake Sumner,Canterbury,-42.8575756,172.8305065,2.11,Oligotrophic,,,3.02,0.27,Mesotrophic
13447,Lake Dudding,Manawatu Wanganui,-40.1003,175.279,5.73,Supertrophic,3.68,Mesotrophic,5.24,0.25,Supertrophic
13467,Lake Waiparera,Northland,-34.94642884,173.1832282,5.02,Supertrophic,4.90,Eutrophic,4.67,0.18,Eutrophic
14290,Lake Okaro,Bay of Plenty,-38.2989411,176.3945234,5.13,Supertrophic,,,5.08,0.25,Supertrophic
14426,Lake Serpentine North,Waikato,-37.94239999,175.3189342,5.27,Supertrophic,4.38,Eutrophic,3.88,0.21,Mesotrophic
18933,Lake Pauri,Manawatu Wanganui,-39.977567,175.0976,5.41,Supertrophic,4.34,Eutrophic,5.44,0.22,Supertrophic
18934,Lake Wiritoa,Manawatu Wanganui,-39.974633,175.089083,5.27,Supertrophic,4.08,Eutrophic,5.42,0.27,Supertrophic
18951,Lake Westmere,Manawatu Wanganui,-39.8953,174.9992,5.94,Supertrophic,5.87,Supertrophic,5.44,0.28,Supertrophic
22999,Spectacle Lake,Auckland,-36.180537,174.631217,5.98,Supertrophic,6.68,Hypertrophic,5.79,0.23,Supertrophic
24415,Lake Waiporohita,Northland,-34.90133333,173.3482167,5.14,Supertrophic,,,4.81,0.23,Eutrophic
36096,Lake Oingo,Hawke's Bay,-39.56655206,176.751942,5.1,Supertrophic,,,5.75,0.21,Supertrophic
36980,Lake Waikopiro,Hawke's Bay,-39.23455,176.8959,5.28,Supertrophic,,,5.39,0.27,Supertrophic
41293,Lake Denny,Canterbury,-43.670134,171.122638,5.52,Supertrophic,,,4.24,0.20,Eutrophic
41314,Lake Waahi,Waikato,-37.556942,175.124364,5.58,Supertrophic,6.07,Hypertrophic,6.23,0.31,Hypertrophic
44599,Lake Tuakitoto,Otago,-46.22815363,169.8248794,5.38,Supertrophic,5.41,Supertrophic,5.06,0.26,Supertrophic
49884,Lake Kereta,Auckland,-36.593075,174.280902,5.22,Supertrophic,4.54,Eutrophic,5.40,0.20,Supertrophic
50269,Lake Kuwakatai,Auckland,-36.5302,174.23238,5.34,Supertrophic,4.91,Eutrophic,5.22,0.22,Supertrophic
50345,Lake Rototuna,Northland,-36.25107,174.04008,5.19,Supertrophic,5.35,Supertrophic,4.98,0.17,Eutrophic
50403,Lake Rotootuauturu,Northland,-36.33137007,174.1397831,5.39,Supertrophic,,,4.62,0.23,Eutrophic
53707,Lake Johnson,Otago,-45.00771483,168.7323606,5.35,Supertrophic,4.79,Eutrophic,5.13,0.29,Supertrophic
3,Lake Kohangapiripiri,Wellington,-41.362207,174.856558,,,4.59,Eutrophic,3.78,0.17,Mesotrophic
4,Lake Kohangatera,Wellington,-41.368069,174.86601,,,5.95,Supertrophic,4.56,0.19,Eutrophic
195,Lake Nganoke,Wellington,-41.3555,175.18696,,,6.25,Hypertrophic,5.16,0.20,Supertrophic
301,Bartons Lagoon,Wellington,-41.16978303,175.3135285,,,5.60,Supertrophic,3.96,0.15,Mesotrophic
511,Matthews Lagoon,Wellington,-41.260467,175.268883,,,7.53,Hypertrophic,5.47,0.19,Supertrophic
841,Lake Waiorongomai,Wellington,-40.71183,175.14255,,,5.82,Supertrophic,5.86,0.22,Supertrophic
4506,Voss Lagoon,Manawatu Wanganui,-40.416283,175.4932,,,7.91,Hypertrophic,5.42,0.25,Supertrophic
4509,Karere Lagoon,Manawatu Wanganui,-40.403133,175.528067,,,5.93,Supertrophic,5.35,0.31,Supertrophic
5042,Pukepuke Lagoon,Manawatu Wanganui,-40.340858,175.26483,,,5.25,Supertrophic,5.85,0.24,Supertrophic
7512,Lake Rotokare,Taranaki,-39.4527,174.4106,,,5.42,Supertrophic,5.05,0.18,Supertrophic
8138,Lake Mckay,Otago,-44.8518862,169.2126718,,,3.15,Mesotrophic,2.71,0.21,Oligotrophic
12876,Lake Taharoa,Waikato,-38.1658535,174.7388147,,,4.23,Eutrophic,3.24,0.21,Mesotrophic
13437,Lake William,Manawatu Wanganui,-40.122512,175.310019,,,5.45,Supertrophic,5.35,0.25,Supertrophic
13446,Lake Heaton,Manawatu Wanganui,-40.10708351,175.2874406,,,5.64,Supertrophic,5.56,0.21,Supertrophic
13466,Lake Katawich,Northland,-34.943127,173.164791,,,6.22,Hypertrophic,5.03,0.15,Supertrophic
13736,Lake Rotokotuku,Waikato,-38.3671031,175.2140534,,,4.78,Eutrophic,2.99,0.36,Oligotrophic
14071,Lake Tutaeinanga,Waikato,-38.3329351,176.3223738,,,5.59,Supertrophic,5.09,0.19,Supertrophic
14179,Lake Ngapouri,Waikato,-38.3386535,176.3359105,,,4.61,Eutrophic,4.98,0.21,Eutrophic
14208,Lake Ngahewa,Waikato,-38.3152339,176.3737858,,,5.31,Supertrophic,4.77,0.15,Eutrophic
14407,Lake Ngarotoiti,Waikato,-37.943362,175.2963695,,,6.44,Hypertrophic,5.94,0.25,Supertrophic
14418,Lake Mangahia,Waikato,-37.8796137,175.2281991,,,6.77,Hypertrophic,5.15,0.16,Supertrophic
14720,Lake Te Ku Utu,Waikato,-37.8891555,175.4717045,,,5.77,Supertrophic,5.32,0.20,Supertrophic
15007,Lake Koromatua,Waikato,-37.837734,175.223583,,,6.97,Hypertrophic,5.17,0.15,Supertrophic
15013,Lake Rotokauri ,Waikato,-37.7644875,175.1980409,,,5.30,Supertrophic,5.53,0.20,Supertrophic
15022,Lake Rotoroa,Waikato,-37.7994589,175.2762498,,,4.71,Eutrophic,5.43,0.18,Supertrophic
15034,Lake Areare,Waikato,-37.667613,175.199878,,,5.74,Supertrophic,4.73,0.15,Eutrophic
15795,Lake Kaikura,Taranaki,-39.7002,174.4051,,,5.71,Supertrophic,4.07,0.15,Eutrophic
15902,Lake Herengawe,Taranaki,-39.79293,174.64075,,,5.51,Supertrophic,5.51,0.24,Supertrophic
15904,Lake Oturi,Taranaki,-39.779,174.62177,,,5.46,Supertrophic,5.11,0.17,Supertrophic
15907,Lake Waiau,Taranaki,-39.7935,174.6804,,,6.02,Hypertrophic,5.83,0.22,Supertrophic
15929,Lake 15929,Taranaki,-39.842,174.8164,,,5.62,Supertrophic,5.34,0.25,Supertrophic
16131,Lake Moumahaki,Taranaki,-39.688181,174.670536,,,5.87,Supertrophic,5.14,0.20,Supertrophic
16202,Lake 16202,Taranaki,-39.672897,174.801519,,,5.56,Supertrophic,4.46,0.13,Eutrophic
16722,Lake Kawau,Manawatu Wanganui,-40.26205,175.3504,,,6.14,Hypertrophic,5.64,0.21,Supertrophic
16901,Lake Koitiata,Manawatu Wanganui,-40.11826,175.196624,,,5.30,Supertrophic,5.21,0.23,Supertrophic
16939,Lake Waipu,Manawatu Wanganui,-40.045017,175.1557,,,6.46,Hypertrophic,5.67,0.21,Supertrophic
17286,Lake Oporoa,Manawatu Wanganui,-39.751484,175.867954,,,7.66,Hypertrophic,5.65,0.21,Supertrophic
19509,Lake Rotopokaka,Northland,-34.950534,173.380711,,,4.51,Eutrophic,2.70,0.36,Oligotrophic
21433,Lake Ngakeketo,Northland,-34.51811622,172.7739775,,,4.03,Eutrophic,4.74,0.21,Eutrophic
21434,Lake Wai Raupo,Northland,-34.51566858,172.7578431,,,3.48,Mesotrophic,4.27,0.14,Eutrophic
21450,Lake Te Ketekete,Northland,-34.479392,172.719112,,,4.07,Eutrophic,4.63,0.15,Eutrophic
21759,Lake Kapoai,Northland,-36.0455,173.8328,,,5.44,Supertrophic,5.19,0.20,Supertrophic
24422,Lake Rotokawau(Karikari),Northland,-34.87002263,173.3064349,,,4.62,Eutrophic,4.56,0.15,Eutrophic
24423,Lake 24423,Northland,-34.87172436,173.3201327,,,4.71,Eutrophic,4.15,0.12,Eutrophic
24620,Lake Wahakari,Northland,-34.65289,172.92877,,,3.57,Mesotrophic,3.25,0.19,Mesotrophic
24701,Lake Peel,Tasman,-41.14594649,172.6023813,,,1.45,Microtrophic,3.09,0.21,Mesotrophic
24960,Lake Lockett,Tasman,-41.080595,172.625535,,,1.86,Microtrophic,1.76,0.39,Microtrophic
25044,Lake Chalice,Marlborough,-41.5728685,173.3028526,,,3.57,Mesotrophic,3.58,0.17,Mesotrophic
25248,Long White Lagoon,Southland,-46.356922,168.1644,,,7.13,Hypertrophic,5.57,0.19,Supertrophic
25519,Lake Otuhie,Tasman,-40.68641667,172.4186667,,,4.47,Eutrophic,4.13,0.13,Eutrophic
25790,Lake Kaihoka 2,Tasman,-40.55473333,172.6022,,,3.76,Mesotrophic,3.81,0.14,Mesotrophic
25972,Mata Kopae Lagoon,Canterbury,-42.78007,173.26974,,,6.26,Hypertrophic,5.26,0.20,Supertrophic
26277,Lake Horsehoe,Canterbury,-42.6780261,172.2321277,,,5.86,Supertrophic,4.79,0.22,Eutrophic
27286,Lake McRae,Canterbury,-42.1834685,173.3315873,,,2.88,Oligotrophic,2.54,0.20,Oligotrophic
28942,Lake Mike,Southland,-45.8255,166.9012,,,2.07,Oligotrophic,2.52,0.22,Oligotrophic
29073,Lake Hay,Southland,-45.80654863,167.0479568,,,2.45,Oligotrophic,2.13,0.26,Oligotrophic
29104,Lake Jaquiery,Southland,-45.83387,167.24156,,,2.14,Oligotrophic,2.70,0.28,Oligotrophic
29250,Lake Island,Southland,-45.778676,167.36506,,,2.90,Oligotrophic,2.49,0.20,Oligotrophic
29541,Lake Jane,Southland,-45.7125,167.1106,,,2.62,Oligotrophic,2.63,0.18,Oligotrophic
29568,Lake Ursula,Southland,-45.70024,167.12827,,,2.51,Oligotrophic,2.25,0.25,Oligotrophic
29596,Lake Roe,Southland,-45.70735,167.15235,,,2.23,Oligotrophic,1.93,0.32,Microtrophic
29614,Lake Bright,Southland,-45.6918,167.1429,,,1.26,Microtrophic,2.35,0.23,Oligotrophic
29917,Lake Pyramid,Southland,-45.74852,167.36458,,,2.72,Oligotrophic,1.93,0.32,Microtrophic
29956,Shallow Lake,Southland,-45.71217109,167.3371098,,,2.29,Oligotrophic,3.60,0.15,Mesotrophic
30380,Lake Rakatu,Southland,-45.626233,167.592766,,,2.98,Oligotrophic,3.05,0.19,Mesotrophic
30812,Big Lagoon,Southland,-46.354037,168.176776,,,6.52,Hypertrophic,3.56,0.15,Mesotrophic
32805,Lake Hatuma,Hawkes Bay,-40.01848034,176.527928,,,5.67,Supertrophic,6.06,0.27,Hypertrophic
34599,Lake 34599,Hawkes Bay,-39.6476587,176.964018,,,6.55,Hypertrophic,5.21,0.16,Supertrophic
34665,Lake Whakaki,Hawke's Bay,-39.04576174,177.5570203,,,7.16,Hypertrophic,6.47,0.40,Hypertrophic
35422,Lake Horseshoe ,Hawkes Bay,-39.920142,176.761112,,,5.02,Supertrophic,4.35,0.15,Eutrophic
36285,Lake Hurimoana,Hawke's Bay,-39.55341,176.7196,,,5.10,Supertrophic,5.86,0.23,Supertrophic
36314,Lake Kautuku,Hawke's Bay,-39.5713,176.73385,,,5.54,Supertrophic,5.89,0.23,Supertrophic
36343,Lake 36343,Hawkes Bay,-39.6511853,176.9602535,,,5.90,Supertrophic,5.59,0.20,Supertrophic
36741,Lake Kaweka 2,Hawkes Bay,-39.36310208,176.3657607,,,3.66,Mesotrophic,3.12,0.23,Mesotrophic
36742,Lake Kaweka 1,Hawkes Bay,-39.36146425,176.3632074,,,3.54,Mesotrophic,3.83,0.18,Mesotrophic
36979,Lake Orakai,Hawke's Bay,-39.23633,176.88832,,,6.44,Hypertrophic,5.50,0.18,Supertrophic
37529,Lake Rotongaio,Hawke's Bay,-38.94369,177.01193,,,4.09,Eutrophic,4.95,0.19,Eutrophic
37530,Lake Rotoroa,Hawke's Bay,-38.94735,177.02917,,,4.57,Eutrophic,4.52,0.17,Eutrophic
37534,Lake Rotonuiaha,Hawke's Bay,-38.94828,177.03864,,,4.01,Eutrophic,5.30,0.21,Supertrophic
38421,Lake Mahinapua,West Coast,-42.797423,170.911996,,,3.50,Mesotrophic,2.79,0.21,Oligotrophic
38664,Lake Kangaroo,West Coast,-42.609279,171.548966,,,3.58,Mesotrophic,2.98,0.23,Oligotrophic
38665,Lake Lady,West Coast,-42.599533,171.573715,,,3.00,Mesotrophic,3.53,0.21,Mesotrophic
39050,Lake Kaurapataka,West Coast,-42.786072,171.698698,,,3.27,Mesotrophic,3.80,0.17,Mesotrophic
39191,Lake Morgan,West Coast,-42.676748,171.707152,,,1.64,Microtrophic,2.37,0.21,Oligotrophic
39297,Lake Mason,Canterbury,-42.7348972,172.17134,,,3.10,Mesotrophic,3.42,0.21,Mesotrophic
39357,Lake Sheppard,Canterbury,-42.8576456,172.8306056,,,3.98,Mesotrophic,3.79,0.18,Mesotrophic
39367,Lake Marion,Canterbury,-42.677912,172.2321582,,,3.37,Mesotrophic,4.05,0.16,Eutrophic
39621,Lake Hochstetter ,West Coast,-42.445958,171.670571,,,3.31,Mesotrophic,2.73,0.23,Oligotrophic
40521,Lake Rotokaha,Hawkes Bay,-38.774953,177.559606,,,5.77,Supertrophic,5.30,0.21,Supertrophic
40534,Lake Karangata ,Hawkes Bay,-38.77461697,177.5404982,,,6.05,Hypertrophic,5.33,0.21,Supertrophic
40535,Lake Kaikiore,Hawkes Bay,-38.76858452,177.5409204,,,7.12,Hypertrophic,5.38,0.21,Supertrophic
40554,Lake Kaikereru,Hawkes Bay,-38.75535417,177.5494042,,,5.52,Supertrophic,5.11,0.18,Supertrophic
40590,Lake Waihau,Hawkes Bay,-38.75513635,177.5546657,,,5.42,Supertrophic,5.82,0.21,Supertrophic
41679,Lake Eggeling,West Coast,-43.98569205,169.1452089,,,1.55,Microtrophic,3.79,0.14,Mesotrophic
44747,Lake Tomohawke 1 Lower,Otago,-45.60371521,170.6730616,,,5.41,Supertrophic,6.33,0.40,Hypertrophic
45434,Lake 45434,Canterbury,-44.284887,169.748105,,,2.10,Oligotrophic,2.53,0.20,Oligotrophic
45472,Lake Dumb-bell,Canterbury,-44.28588729,169.7493006,,,2.65,Oligotrophic,2.20,0.25,Oligotrophic
45686,Lake Gault,West Coast,-43.430526,169.984864,,,2.92,Oligotrophic,2.55,0.35,Oligotrophic
46051,Lake Eyles,Southland,-45.25,167.4688,,,1.90,Microtrophic,2.52,0.27,Oligotrophic
46138,Lake Greaney,West Coast,-44.0930778,168.7847549,,,1.67,Microtrophic,2.41,0.22,Oligotrophic
46212,Lake Douglas,West Coast,-43.96692516,169.0915972,,,2.31,Oligotrophic,3.67,0.21,Mesotrophic
46493,Lake Duncan Steam 1,Canterbury,-44.01221492,170.0428026,,,2.65,Oligotrophic,2.82,0.23,Oligotrophic
46494,Lake Irish Stream,Canterbury,-43.992728,170.040978,,,1.55,Microtrophic,2.84,0.23,Oligotrophic
46496,Lake Duncan Stream 2,Canterbury,-44.017103,170.052358,,,2.19,Oligotrophic,3.15,0.18,Mesotrophic
46723,Lake Moeraki,West Coast,-43.73432,169.28694,,,2.82,Oligotrophic,3.55,0.16,Mesotrophic
46725,Lake Paringa,West Coast,-43.7211,169.401047,,,3.16,Mesotrophic,3.35,0.22,Mesotrophic
46774,Lake 46774,West Coast,-43.640618,169.737734,,,2.55,Oligotrophic,2.46,0.22,Oligotrophic
46775,Lake Rototekoiti,West Coast,-43.640516,169.768449,,,1.99,Microtrophic,3.49,0.14,Mesotrophic
46954,Alpine Lake,West Coast,-43.287757,170.138067,,,2.70,Oligotrophic,2.40,0.31,Oligotrophic
46959,Lake Mapourika,West Coast,-43.2979,170.2189,,,3.45,Mesotrophic,3.33,0.20,Mesotrophic
47198,Lake Mcgregor,Canterbury,-43.93584,170.4709,,,3.59,Mesotrophic,3.77,0.22,Mesotrophic
47225,Lake Hartley Tarn,Canterbury,-43.882706,170.441455,,,3.61,Mesotrophic,3.54,0.16,Mesotrophic
47491,Lake Ianthe,West Coast,-43.056407,170.625703,,,2.72,Oligotrophic,3.16,0.21,Mesotrophic
48216,Lake Henrietta,Canterbury,-43.22894,171.50015,,,3.37,Mesotrophic,3.84,0.18,Mesotrophic
48657,Lake Marymere,Canterbury,-43.117609,171.85544,,,2.37,Oligotrophic,3.75,0.21,Mesotrophic
49176,Lake Okawhao,Waikato,-37.5259469,175.1412514,,,6.07,Hypertrophic,5.93,0.24,Supertrophic
49186,Lake Rotongaro,Waikato,-37.4846277,175.1215381,,,6.20,Hypertrophic,5.98,0.31,Supertrophic
49294,Lake Whatihua,Auckland,-37.2755257,174.6707172,,,5.52,Supertrophic,4.43,0.13,Eutrophic
49295,Lake Puketi,Waikato,-37.2793676,174.6766993,,,3.91,Mesotrophic,4.17,0.15,Eutrophic
50335,Lake 50335,Northland,-36.29186933,174.0270525,,,4.03,Eutrophic,4.28,0.14,Eutrophic
50377,Lake Waingata,Northland,-36.35150918,174.1522515,,,3.27,Mesotrophic,4.09,0.15,Eutrophic
50704,Lake Hope,Otago,-45.1379969,168.8290299,,,1.78,Microtrophic,2.26,0.24,Oligotrophic
50710,Lake 50710,Otago,-45.1495908,168.8728829,,,2.65,Oligotrophic,2.14,0.27,Oligotrophic
51827,Lake Lucille,Southland,-45.49642048,167.2620433,,,2.40,Oligotrophic,2.19,0.25,Oligotrophic
51931,Lake 51931,Southland,-45.5818,167.706,,,5.44,Supertrophic,3.13,0.28,Mesotrophic
51958,Lake Richter,Southland,-45.485661,167.505399,,,2.12,Oligotrophic,2.17,0.27,Oligotrophic
52064,Lake 52064,Southland,-45.4719,167.71666,,,3.50,Mesotrophic,2.80,0.19,Oligotrophic
52065,Lake Henry,Southland,-45.431,167.7172,,,2.84,Oligotrophic,2.86,0.37,Oligotrophic
52115,Lake Thomas,Southland,-45.471818,167.949791,,,4.30,Eutrophic,3.39,0.18,Mesotrophic
52117,Lake 52117,Southland,-45.453637,167.895436,,,5.32,Supertrophic,4.31,0.12,Eutrophic
52167,Lake Norma,Southland,-45.33659188,167.2728932,,,2.12,Oligotrophic,2.47,0.21,Oligotrophic
52177,Lake Freeman,Southland,-45.34454463,167.3379897,,,2.18,Oligotrophic,2.77,0.30,Oligotrophic
52181,Lake Minerva,Southland,-45.3260034,167.3443788,,,1.96,Microtrophic,2.55,0.23,Oligotrophic
52268,Lake Eva,Southland,-45.28564,167.33633,,,1.29,Microtrophic,2.33,0.22,Oligotrophic
52269,Lake Ione,Southland,-45.27846,167.33675,,,1.48,Microtrophic,2.67,0.19,Oligotrophic
52380,Lake Cecil,Southland,-45.30439,167.3831,,,1.26,Microtrophic,2.98,0.17,Oligotrophic
52475,Lake Orbell,Southland,-45.29316,167.67046,,,1.26,Microtrophic,2.45,0.21,Oligotrophic
52487,Lake 52487,Southland,-45.34647,167.87068,,,5.22,Supertrophic,2.95,0.29,Oligotrophic
53145,Lake Nigel,Southland,-45.29487,168.42836,,,1.26,Microtrophic,2.86,0.18,Oligotrophic
53163,Lake Von River Valley,Southland,-45.2419,168.2984,,,3.22,Mesotrophic,4.06,0.15,Eutrophic
53338,Lake South Mavora,Southland,-45.304893,168.175288,,,1.26,Microtrophic,2.04,0.30,Oligotrophic
53392,Lake Ned,Southland,-45.2873,168.4328,,,1.26,Microtrophic,2.28,0.23,Oligotrophic
53401,Acheron Lakes 1,Southland,-45.171477,168.099481,,,1.26,Microtrophic,2.71,0.18,Oligotrophic
53402,Acheron Lakes 2,Southland,-45.161854,168.094904,,,1.33,Microtrophic,1.83,0.37,Microtrophic
53545,Lake Dispute,Otago,-45.04641688,168.5479205,,,3.06,Mesotrophic,3.64,0.19,Mesotrophic
53547,Lake Isobel,Otago,-45.021683,168.489983,,,2.20,Oligotrophic,2.46,0.21,Oligotrophic
53548,Lake Kirkpatrick,Otago,-45.026767,168.573617,,,4.16,Eutrophic,3.99,0.14,Mesotrophic
53549,Lake Moke ,Otago,-45.00130984,168.565181,,,3.35,Mesotrophic,4.68,0.27,Eutrophic
53683,Lake 53683,Otago,-45.17985,168.831267,,,2.95,Oligotrophic,2.14,0.27,Oligotrophic
53753,Lake 53753,Otago,-45.1847599,168.877445,,,2.25,Oligotrophic,3.32,0.15,Mesotrophic
54038,Dukes Tarn,Otago,-44.9638937,168.4928829,,,3.32,Mesotrophic,3.44,0.23,Mesotrophic
54039,Lake Luna,Otago,-44.9511879,168.4908059,,,2.69,Oligotrophic,1.97,0.32,Microtrophic
54132,Lake Diamond,Otago,-44.7380963,168.3750329,,,2.65,Oligotrophic,2.20,0.26,Oligotrophic
54177,Lake Lochnagar,Otago,-44.5912,168.6122,,,1.26,Microtrophic,2.30,0.30,Oligotrophic
54655,Lake 54655,Otago,-44.53305054,168.9522099,,,1.55,Microtrophic,4.20,0.17,Eutrophic
54720,Little Lake Mckay,Otago,-44.879624,169.19067,,,2.04,Oligotrophic,2.76,0.19,Oligotrophic
L380.1,Lake Moawhitu,Marlborough,-40.80857,173.80987,,,6.11,Hypertrophic,6.12,0.30,Hypertrophic
L380.3,Lake Killanery,Tasman,-40.85206667,172.80815,,,4.33,Eutrophic,5.02,0.21,Supertrophic
L380.4,Lake Forest,Waikato,-37.77284,175.2511049,,,5.04,Supertrophic,5.38,0.17,Supertrophic
